Buletin Konsumsi Pangan TW 4 2015;PUSDATIN Sekretariat Jenderal Kementerian Pertanian;NULL;NULL;NULL;pdf;NULL;NULL;NULL;http://epublikasi.setjen.pertanian.go.id/cache/plg_marm/intro/buletin-konsumsi-tw-iv-cover-art-372-com_content-qual-80-resized-200x250.jpg;http://epublikasi.setjen.pertanian.go.id/download/file/234-statistik-konsumsi-pangan-2015
Outlook Peternakan Tahun 2009;PUSDATIN Sekretariat Jenderal Kementerian Pertanian;NULL;NULL;NULL;pdf;NULL;NULL;NULL;NULL;http://epublikasi.setjen.pertanian.go.id/download/file/72-nak2009
Outlook Peternakan Tahun 2008;PUSDATIN Sekretariat Jenderal Kementerian Pertanian;NULL;NULL;NULL;pdf;NULL;NULL;NULL;NULL;http://epublikasi.setjen.pertanian.go.id/download/file/71-nak2008
Outlook Peternakan Daging Ayam Tahun 2010;PUSDATIN Sekretariat Jenderal Kementerian Pertanian;NULL;NULL;NULL;pdf;NULL;NULL;NULL;NULL;http://epublikasi.setjen.pertanian.go.id/download/file/73-outlooknakdagingayam2010
Outlook Peternakan Daging Sapi Tahun 2010;PUSDATIN Sekretariat Jenderal Kementerian Pertanian;NULL;NULL;NULL;pdf;NULL;NULL;NULL;NULL;http://epublikasi.setjen.pertanian.go.id/download/file/74-outlooknakdagingsapi2010
Outlook Peternakan Susu Tahun 2010;PUSDATIN Sekretariat Jenderal Kementerian Pertanian;NULL;NULL;NULL;pdf;NULL;NULL;NULL;NULL;http://epublikasi.setjen.pertanian.go.id/download/file/75-outlooknaksusu2010
Outlook Peternakan Telur Tahun 2010;PUSDATIN Sekretariat Jenderal Kementerian Pertanian;NULL;NULL;NULL;pdf;NULL;NULL;NULL;NULL;http://epublikasi.setjen.pertanian.go.id/download/file/76-outlooknaktelur2010
Outlook Peternakan Daging Ayam Tahun 2011;PUSDATIN Sekretariat Jenderal Kementerian Pertanian;NULL;NULL;NULL;pdf;NULL;NULL;NULL;NULL;http://epublikasi.setjen.pertanian.go.id/download/file/77-outlooknakdagingayam2011
Outlook Peternakan Daging Sapi Tahun 2011;PUSDATIN Sekretariat Jenderal Kementerian Pertanian;NULL;NULL;NULL;pdf;NULL;NULL;NULL;NULL;http://epublikasi.setjen.pertanian.go.id/download/file/78-outlooknakdagsapi2011
Outlook Peternakan Susu Tahun 2011;PUSDATIN Sekretariat Jenderal Kementerian Pertanian;NULL;NULL;NULL;pdf;NULL;NULL;NULL;NULL;http://epublikasi.setjen.pertanian.go.id/download/file/79-outlooknaksusu2011
Outlook Peternakan Telur Tahun 2011;PUSDATIN Sekretariat Jenderal Kementerian Pertanian;NULL;NULL;NULL;pdf;NULL;NULL;NULL;NULL;http://epublikasi.setjen.pertanian.go.id/download/file/80-outlooknaktelur2011
Outlook Peternakan Daging Ayam Tahun 2012;PUSDATIN Sekretariat Jenderal Kementerian Pertanian;NULL;NULL;NULL;pdf;NULL;NULL;NULL;NULL;http://epublikasi.setjen.pertanian.go.id/download/file/81-outlooknakdagayam2012
Outlook Peternakan Daging Sapi Tahun 2012;PUSDATIN Sekretariat Jenderal Kementerian Pertanian;NULL;NULL;NULL;pdf;NULL;NULL;NULL;NULL;http://epublikasi.setjen.pertanian.go.id/download/file/82-outlooknakdagsapi2012
Outlook Peternakan Susu Tahun 2012;PUSDATIN Sekretariat Jenderal Kementerian Pertanian;NULL;NULL;NULL;pdf;NULL;NULL;NULL;NULL;http://epublikasi.setjen.pertanian.go.id/download/file/83-outlooknaksusu2012
Outlook Peternakan Telur Tahun 2012;PUSDATIN Sekretariat Jenderal Kementerian Pertanian;NULL;NULL;NULL;pdf;NULL;NULL;NULL;NULL;http://epublikasi.setjen.pertanian.go.id/download/file/84-outlooknaktelur2012
Outlook Peternakan Daging Ayam Tahun 2013;PUSDATIN Sekretariat Jenderal Kementerian Pertanian;NULL;NULL;NULL;pdf;NULL;NULL;NULL;NULL;http://epublikasi.setjen.pertanian.go.id/download/file/85-outlooknakdagingayam2013
Outlook Peternakan Daging Sapi Tahun 2013;PUSDATIN Sekretariat Jenderal Kementerian Pertanian;NULL;NULL;NULL;pdf;NULL;NULL;NULL;NULL;http://epublikasi.setjen.pertanian.go.id/download/file/86-outlooknakdagsapi2013
Outlook Peternakan Telur Tahun 2013;PUSDATIN Sekretariat Jenderal Kementerian Pertanian;NULL;NULL;NULL;pdf;NULL;NULL;NULL;NULL;http://epublikasi.setjen.pertanian.go.id/download/file/87-outlooknaktelur2013
Outlook Peternakan Susu Tahun 2013;PUSDATIN Sekretariat Jenderal Kementerian Pertanian;NULL;NULL;NULL;pdf;NULL;NULL;NULL;NULL;http://epublikasi.setjen.pertanian.go.id/download/file/88-outlooksusu2013
Newsletter Vol 10 No 96;PUSDATIN Sekretariat Jenderal Kementerian Pertanian;NULL;NULL;NULL;pdf;NULL;NULL;NULL;NULL;http://epublikasi.setjen.pertanian.go.id/download/file/31-newsletter-januari-2013
Newsletter Vol 10 No 98;PUSDATIN Sekretariat Jenderal Kementerian Pertanian;NULL;NULL;NULL;pdf;NULL;NULL;NULL;NULL;http://epublikasi.setjen.pertanian.go.id/download/file/35-newsletter-maret-2013
Newsletter Vol 10 No 99;PUSDATIN Sekretariat Jenderal Kementerian Pertanian;NULL;NULL;NULL;pdf;NULL;NULL;NULL;NULL;http://epublikasi.setjen.pertanian.go.id/download/file/28-newsletter-april-2013
Newsletter Vol 10 No 100;PUSDATIN Sekretariat Jenderal Kementerian Pertanian;NULL;NULL;NULL;pdf;NULL;NULL;NULL;NULL;http://epublikasi.setjen.pertanian.go.id/download/file/36-newsletter-mei-2013
Newsletter Vol 10 No 101;PUSDATIN Sekretariat Jenderal Kementerian Pertanian;NULL;NULL;NULL;pdf;NULL;NULL;NULL;NULL;http://epublikasi.setjen.pertanian.go.id/download/file/33-newsletter-juni-2013
Newsletter Vol 10 No 102;PUSDATIN Sekretariat Jenderal Kementerian Pertanian;NULL;NULL;NULL;pdf;NULL;NULL;NULL;NULL;http://epublikasi.setjen.pertanian.go.id/download/file/32-newsletter-juli-2013
Newsletter Vol 10 No 103;PUSDATIN Sekretariat Jenderal Kementerian Pertanian;NULL;NULL;NULL;pdf;NULL;NULL;NULL;NULL;http://epublikasi.setjen.pertanian.go.id/download/file/27-newsletter-agustus-2013
Newsletter Vol 10 No 104;PUSDATIN Sekretariat Jenderal Kementerian Pertanian;NULL;NULL;NULL;pdf;NULL;NULL;NULL;NULL;http://epublikasi.setjen.pertanian.go.id/download/file/39-newsletter-september-2013
Newsletter Vol 10 No 105;PUSDATIN Sekretariat Jenderal Kementerian Pertanian;NULL;NULL;NULL;pdf;NULL;NULL;NULL;NULL;http://epublikasi.setjen.pertanian.go.id/download/file/38-newsletter-oktober-2013
Newsletter Vol 10 No 106;PUSDATIN Sekretariat Jenderal Kementerian Pertanian;NULL;NULL;NULL;pdf;NULL;NULL;NULL;NULL;http://epublikasi.setjen.pertanian.go.id/download/file/37-newsletter-november-2013
Newsletter Vol 10 No 107;PUSDATIN Sekretariat Jenderal Kementerian Pertanian;NULL;NULL;NULL;pdf;NULL;NULL;NULL;NULL;http://epublikasi.setjen.pertanian.go.id/download/file/29-newsletter-desember-2013
Newsletter Vol 11 No 108;PUSDATIN Sekretariat Jenderal Kementerian Pertanian;NULL;NULL;NULL;pdf;NULL;NULL;NULL;NULL;http://epublikasi.setjen.pertanian.go.id/download/file/22-newsletter-januari-2014
Newsletter Vol 11 No 109;PUSDATIN Sekretariat Jenderal Kementerian Pertanian;NULL;NULL;NULL;pdf;NULL;NULL;NULL;NULL;http://epublikasi.setjen.pertanian.go.id/download/file/25-newsletter-maret-2014
Newsletter Vol 11 No 110;PUSDATIN Sekretariat Jenderal Kementerian Pertanian;NULL;NULL;NULL;pdf;NULL;NULL;NULL;NULL;http://epublikasi.setjen.pertanian.go.id/download/file/25-newsletter-maret-2014
Newsletter Vol 11 No 115;PUSDATIN Sekretariat Jenderal Kementerian Pertanian;NULL;NULL;NULL;pdf;NULL;NULL;NULL;NULL;http://epublikasi.setjen.pertanian.go.id/download/file/19-newsletter-agustus-2014
Newsletter Vol 11 No 112;PUSDATIN Sekretariat Jenderal Kementerian Pertanian;NULL;NULL;NULL;pdf;NULL;NULL;NULL;NULL;http://epublikasi.setjen.pertanian.go.id/download/file/26-newsletter-mei-2014
Newsletter Vol 11 No 113;PUSDATIN Sekretariat Jenderal Kementerian Pertanian;NULL;NULL;NULL;pdf;NULL;NULL;NULL;NULL;http://epublikasi.setjen.pertanian.go.id/download/file/24-newsletter-juni-2014
Newsletter Vol 11 No 114;PUSDATIN Sekretariat Jenderal Kementerian Pertanian;NULL;NULL;NULL;pdf;NULL;NULL;NULL;NULL;http://epublikasi.setjen.pertanian.go.id/download/file/23-newsletter-juli-2014
Newsletter Vol 11 No 111;PUSDATIN Sekretariat Jenderal Kementerian Pertanian;NULL;NULL;NULL;pdf;NULL;NULL;NULL;NULL;http://epublikasi.setjen.pertanian.go.id/download/file/20-newsletter-april-2014
Buletin Indikator Makro Mei 2014;PUSDATIN Sekretariat Jenderal Kementerian Pertanian;NULL;NULL;NULL;pdf;NULL;NULL;NULL;http://epublikasi.setjen.pertanian.go.id/cache/plg_marm/intro/11cvr-bltn-makro-nop-2014-art-277-com_content-qual-80-resized-200x250.jpg;http://epublikasi.setjen.pertanian.go.id/download/file/61-bueltin-makro-bulan-mei-2014
Buletin PDB Sektor Pertanian Vol. 13; No. 2; Juni 2014;PUSDATIN Sekretariat Jenderal Kementerian Pertanian;NULL;NULL;NULL;pdf;NULL;NULL;NULL;http://epublikasi.setjen.pertanian.go.id/cache/plg_marm/intro/06cvr-pdb-jun-2014-art-183-com_content-qual-80-resized-200x250.jpg;http://epublikasi.setjen.pertanian.go.id/download/file/51-pdb-juni-2014
Buletin PDB Sektor Pertanian Vol. 13; No. 1; Maret 2014;PUSDATIN Sekretariat Jenderal Kementerian Pertanian;NULL;NULL;NULL;pdf;NULL;NULL;NULL;http://epublikasi.setjen.pertanian.go.id/cache/plg_marm/intro/03cvr-pdb-mar-2014-art-184-com_content-qual-80-resized-200x250.jpg;http://epublikasi.setjen.pertanian.go.id/download/file/50-pdb-maret-2014
Buletin PDB Sektor Pertanian Vol. 12; No. 4; Desember 2013;PUSDATIN Sekretariat Jenderal Kementerian Pertanian;NULL;NULL;NULL;pdf;NULL;NULL;NULL;http://epublikasi.setjen.pertanian.go.id/cache/plg_marm/intro/12cvr-des-2013-art-185-com_content-qual-80-resized-200x250.jpg;http://epublikasi.setjen.pertanian.go.id/download/file/46-pdb-desember-2013
Buletin PDB Sektor Pertanian Vol. 12; No. 3; September 2013;PUSDATIN Sekretariat Jenderal Kementerian Pertanian;NULL;NULL;NULL;pdf;NULL;NULL;NULL;NULL;http://epublikasi.setjen.pertanian.go.id/download/file/49-pdb-september-2013
Buletin PDB Sektor Pertanian Vol. 12; No. 2; Juni 2013;PUSDATIN Sekretariat Jenderal Kementerian Pertanian;NULL;NULL;NULL;pdf;NULL;NULL;NULL;NULL;http://epublikasi.setjen.pertanian.go.id/download/file/47-pdb-juni-2013
Buletin PDB Sektor Pertanian Vol. 12; No. 1; Maret 2013;PUSDATIN Sekretariat Jenderal Kementerian Pertanian;NULL;NULL;NULL;pdf;NULL;NULL;NULL;http://epublikasi.setjen.pertanian.go.id/cache/plg_marm/intro/03cvr-pdb-mar-2013-art-188-com_content-qual-80-resized-200x250.jpg;http://epublikasi.setjen.pertanian.go.id/download/file/48-pdb-maret-2013
Buletin Konsumsi Pangan Volume 5 No. 2 Tahun 2014;PUSDATIN Sekretariat Jenderal Kementerian Pertanian;NULL;NULL;NULL;pdf;NULL;NULL;NULL;http://epublikasi.setjen.pertanian.go.id/cache/plg_marm/intro/1cvr-konsum-2014-art-189-com_content-qual-80-resized-200x250.jpg;http://epublikasi.setjen.pertanian.go.id/download/file/57-buletin-konsumsi-twii-2014
Buletin Konsumsi Pangan Volume 5 No. 1 Tahun 2014;PUSDATIN Sekretariat Jenderal Kementerian Pertanian;NULL;NULL;NULL;pdf;NULL;NULL;NULL;http://epublikasi.setjen.pertanian.go.id/cache/plg_marm/intro/2cvr-konsumsi-tw1-2014-art-190-com_content-qual-80-resized-200x250.jpg;http://epublikasi.setjen.pertanian.go.id/download/file/56-buletin-konsumsi-pangan-twi-2014
Buletin Konsumsi Pangan Volume 4 No. 4 Tahun 2013;PUSDATIN Sekretariat Jenderal Kementerian Pertanian;NULL;NULL;NULL;pdf;NULL;NULL;NULL;http://epublikasi.setjen.pertanian.go.id/cache/plg_marm/intro/cvr-bul-konsum-tw4-2013-art-192-com_content-qual-80-resized-200x250.jpg;http://epublikasi.setjen.pertanian.go.id/download/file/55-buletin-konsumsi-tw4-2013
Buletin Konsumsi Pangan Volume 4 No. 3 Tahun 2013;PUSDATIN Sekretariat Jenderal Kementerian Pertanian;NULL;NULL;NULL;pdf;NULL;NULL;NULL;http://epublikasi.setjen.pertanian.go.id/cache/plg_marm/intro/cvr-bul-konsum-tw3-2013-art-193-com_content-qual-80-resized-200x250.jpg;http://epublikasi.setjen.pertanian.go.id/download/file/54-buletin-konsumsi-tw3-2013
Buletin Konsumsi Pangan Volume 4 No. 2 Tahun 2013;PUSDATIN Sekretariat Jenderal Kementerian Pertanian;NULL;NULL;NULL;pdf;NULL;NULL;NULL;http://epublikasi.setjen.pertanian.go.id/cache/plg_marm/intro/cvr-bul-konsum-tw2-2013-art-194-com_content-qual-80-resized-200x250.jpg;http://epublikasi.setjen.pertanian.go.id/download/file/53-buletin-konsumsi-tw2-2013
Buletin Konsumsi Pangan Volume 4 No. 1 Tahun 2013;PUSDATIN Sekretariat Jenderal Kementerian Pertanian;NULL;NULL;NULL;pdf;NULL;NULL;NULL;NULL;http://epublikasi.setjen.pertanian.go.id/download/file/52-buletin-konsumsi-tw1-2013
Ekspor Impor Volume VI No. 2 Tahun 2014;PUSDATIN Sekretariat Jenderal Kementerian Pertanian;NULL;NULL;NULL;pdf;NULL;NULL;NULL;NULL;http://epublikasi.setjen.pertanian.go.id/download/file/45-buletin-eksim-twii-2014
Ekspor Impor Volume VI No. 1 Tahun 2014;PUSDATIN Sekretariat Jenderal Kementerian Pertanian;NULL;NULL;NULL;pdf;NULL;NULL;NULL;NULL;http://epublikasi.setjen.pertanian.go.id/download/file/44-buletin-eksim-twi-2014
Ekspor Impor Volume V No. 4 Tahun 2013;PUSDATIN Sekretariat Jenderal Kementerian Pertanian;NULL;NULL;NULL;pdf;NULL;NULL;NULL;NULL;http://epublikasi.setjen.pertanian.go.id/download/file/42-buletin-eksim-tw4-2013
Ekspor Impor Volume V No. 3 Tahun 2013;PUSDATIN Sekretariat Jenderal Kementerian Pertanian;NULL;NULL;NULL;pdf;NULL;NULL;NULL;NULL;http://epublikasi.setjen.pertanian.go.id/download/file/41-buletin-eksim-tw3-2013
Ekspor Impor Volume V No. 2 Tahun 2013;PUSDATIN Sekretariat Jenderal Kementerian Pertanian;NULL;NULL;NULL;pdf;NULL;NULL;NULL;NULL;http://epublikasi.setjen.pertanian.go.id/download/file/40-buletin-eksim-tw2-2013
Analisis Harga Internasional Komoditas Pertanian Volume 11 No. 2 Tahun 2014;PUSDATIN Sekretariat Jenderal Kementerian Pertanian;NULL;NULL;NULL;pdf;NULL;NULL;NULL;http://epublikasi.setjen.pertanian.go.id/cache/plg_marm/intro/cvr-hrg-int-tw2-2014-art-201-com_content-qual-80-resized-200x250.jpg;http://epublikasi.setjen.pertanian.go.id/download/file/60-buletin-harga-internasional-twii-2014
Analisis Harga Internasional Komoditas Pertanian Volume 11 No. 1 Tahun 2014;PUSDATIN Sekretariat Jenderal Kementerian Pertanian;NULL;NULL;NULL;pdf;NULL;NULL;NULL;http://epublikasi.setjen.pertanian.go.id/cache/plg_marm/intro/cvr-hrg-int-tw1-2014-art-202-com_content-qual-80-resized-200x250.jpg;http://epublikasi.setjen.pertanian.go.id/download/file/59-buletin-harga-internasional-twi-2014
Info Ringkas Bawang Merah Januari 2013;PUSDATIN Sekretariat Jenderal Kementerian Pertanian;NULL;NULL;NULL;pdf;NULL;NULL;NULL;NULL;http://epublikasi.setjen.pertanian.go.id/download/file/94-info-ringkas-bawang-merah-jan-2013
Info Ringkas Cabe Januari 2013;PUSDATIN Sekretariat Jenderal Kementerian Pertanian;NULL;NULL;NULL;pdf;NULL;NULL;NULL;NULL;http://epublikasi.setjen.pertanian.go.id/download/file/95-info-ringkas-cabe-jan-2013
Info Ringkas Pisang Januari 2013;PUSDATIN Sekretariat Jenderal Kementerian Pertanian;NULL;NULL;NULL;pdf;NULL;NULL;NULL;NULL;http://epublikasi.setjen.pertanian.go.id/download/file/96-info-ringkas-pisang-jan-2013
Info Ringkas Kentang Januari 2013;PUSDATIN Sekretariat Jenderal Kementerian Pertanian;NULL;NULL;NULL;pdf;NULL;NULL;NULL;NULL;http://epublikasi.setjen.pertanian.go.id/download/file/97-info-ringkas-kentang-jan-2013
Info Ringkas Anggrek Februari 2013;PUSDATIN Sekretariat Jenderal Kementerian Pertanian;NULL;NULL;NULL;pdf;NULL;NULL;NULL;NULL;http://epublikasi.setjen.pertanian.go.id/download/file/98-info-ringkas-anggrek-feb-2013
Info Ringkas Bawang Putih Februari 2013;PUSDATIN Sekretariat Jenderal Kementerian Pertanian;NULL;NULL;NULL;pdf;NULL;NULL;NULL;NULL;http://epublikasi.setjen.pertanian.go.id/download/file/99-info-ringkas-bwg-putih-feb-2013
Info Ringkas Mangga Februari 2013;PUSDATIN Sekretariat Jenderal Kementerian Pertanian;NULL;NULL;NULL;pdf;NULL;NULL;NULL;NULL;http://epublikasi.setjen.pertanian.go.id/download/file/100-info-ringkas-mangga-feb-2013
Info Ringkas Jahe Februari 2013;PUSDATIN Sekretariat Jenderal Kementerian Pertanian;NULL;NULL;NULL;pdf;NULL;NULL;NULL;NULL;http://epublikasi.setjen.pertanian.go.id/download/file/101-info-ringkas-jahe-feb-2013
Analisis Perkembangan Harga Komoditas Pertanian September 2014;PUSDATIN Sekretariat Jenderal Kementerian Pertanian;NULL;NULL;NULL;pdf;NULL;NULL;NULL;NULL;http://epublikasi.setjen.pertanian.go.id/download/file/102-buletin-harga-sep-2014
Buletin Indikator Makro September 2014;PUSDATIN Sekretariat Jenderal Kementerian Pertanian;NULL;NULL;NULL;pdf;NULL;NULL;NULL;http://epublikasi.setjen.pertanian.go.id/cache/plg_marm/intro/09cvr-makro-sep-2014-art-240-com_content-qual-80-resized-200x250.jpg;http://epublikasi.setjen.pertanian.go.id/download/file/103-buletin-indikator-makro-sep2014
Buletin PDB Sektor Pertanian Vol. 13; No. 3; September 2014;PUSDATIN Sekretariat Jenderal Kementerian Pertanian;NULL;NULL;NULL;pdf;NULL;NULL;NULL;http://epublikasi.setjen.pertanian.go.id/cache/plg_marm/intro/09cvr-pdb-sep-2014-art-241-com_content-qual-80-resized-200x250.jpg;http://epublikasi.setjen.pertanian.go.id/download/file/105-pdb-sep-2014
Ekspor Impor Volume VI No. 3 Tahun 2014;PUSDATIN Sekretariat Jenderal Kementerian Pertanian;NULL;NULL;NULL;pdf;NULL;NULL;NULL;NULL;http://epublikasi.setjen.pertanian.go.id/download/file/104-buletin-eksim-tw3-2014
Analisis Harga Internasional Komoditas Pertanian Volume 11 No. 3 Tahun 2014;PUSDATIN Sekretariat Jenderal Kementerian Pertanian;NULL;NULL;NULL;pdf;NULL;NULL;NULL;http://epublikasi.setjen.pertanian.go.id/cache/plg_marm/intro/cvr-hrg-int-tw3-2014-art-243-com_content-qual-80-resized-200x250.jpg;http://epublikasi.setjen.pertanian.go.id/download/file/106-buletin-harga-internasional-tw3-2014
Outlook Komoditas Tembakau 2014;PUSDATIN Sekretariat Jenderal Kementerian Pertanian;NULL;NULL;NULL;pdf;NULL;NULL;NULL;NULL;http://epublikasi.setjen.pertanian.go.id/download/file/107-outlook-tembakau-2014
Outlook Komoditas Kelapa 2014;PUSDATIN Sekretariat Jenderal Kementerian Pertanian;NULL;NULL;NULL;pdf;NULL;NULL;NULL;NULL;http://epublikasi.setjen.pertanian.go.id/download/file/108-outlook-kelapa-2014
Outlook Komoditas Cengkeh 2014;PUSDATIN Sekretariat Jenderal Kementerian Pertanian;NULL;NULL;NULL;pdf;NULL;NULL;NULL;NULL;http://epublikasi.setjen.pertanian.go.id/download/file/109-outlook-cengkeh-2014
Outlook Komoditas Kakao 2014;PUSDATIN Sekretariat Jenderal Kementerian Pertanian;NULL;NULL;NULL;pdf;NULL;NULL;NULL;NULL;http://epublikasi.setjen.pertanian.go.id/download/file/110-outlook-kakao-2014
Outlook Komoditas Kelapa Sawit 2014;PUSDATIN Sekretariat Jenderal Kementerian Pertanian;NULL;NULL;NULL;pdf;NULL;NULL;NULL;NULL;http://epublikasi.setjen.pertanian.go.id/download/file/111-outlook-kelapasawit-2014
Outlook Komoditas Tebu 2014;PUSDATIN Sekretariat Jenderal Kementerian Pertanian;NULL;NULL;NULL;pdf;NULL;NULL;NULL;NULL;http://epublikasi.setjen.pertanian.go.id/download/file/112-outlook-tebu-2014
Outlook Komoditas Teh 2013;PUSDATIN Sekretariat Jenderal Kementerian Pertanian;NULL;NULL;NULL;pdf;NULL;NULL;NULL;NULL;http://epublikasi.setjen.pertanian.go.id/download/file/113-outlook-teh-2013
Outlook Komoditas Lada 2013;PUSDATIN Sekretariat Jenderal Kementerian Pertanian;NULL;NULL;NULL;pdf;NULL;NULL;NULL;NULL;http://epublikasi.setjen.pertanian.go.id/download/file/114-outlook-lada-2013
Outlook Komoditas Kopi 2013;PUSDATIN Sekretariat Jenderal Kementerian Pertanian;NULL;NULL;NULL;pdf;NULL;NULL;NULL;NULL;http://epublikasi.setjen.pertanian.go.id/download/file/115-outlook-kopi-2013
Outlook Komoditas Karet 2013;PUSDATIN Sekretariat Jenderal Kementerian Pertanian;NULL;NULL;NULL;pdf;NULL;NULL;NULL;NULL;http://epublikasi.setjen.pertanian.go.id/download/file/116-outlook-karet-2013
Outlook Komoditas Kapas 2013;PUSDATIN Sekretariat Jenderal Kementerian Pertanian;NULL;NULL;NULL;pdf;NULL;NULL;NULL;NULL;http://epublikasi.setjen.pertanian.go.id/download/file/117-outlook-kapas-2013
Outlook KOmoditas Jambu Mete 2013;PUSDATIN Sekretariat Jenderal Kementerian Pertanian;NULL;NULL;NULL;pdf;NULL;NULL;NULL;NULL;http://epublikasi.setjen.pertanian.go.id/download/file/118-outlook-jambumete-2013
Outlook Komoditas Perkebunan 2013;PUSDATIN Sekretariat Jenderal Kementerian Pertanian;NULL;NULL;NULL;pdf;NULL;NULL;NULL;NULL;http://epublikasi.setjen.pertanian.go.id/download/file/119-outlook-perkebunan-2013
Outlook Komoditas Nanas 2013;PUSDATIN Sekretariat Jenderal Kementerian Pertanian;NULL;NULL;NULL;pdf;NULL;NULL;NULL;NULL;http://epublikasi.setjen.pertanian.go.id/download/file/120-outlook-nanas-2013
Outlook Komoditas Kubis 2013;PUSDATIN Sekretariat Jenderal Kementerian Pertanian;NULL;NULL;NULL;pdf;NULL;NULL;NULL;NULL;http://epublikasi.setjen.pertanian.go.id/download/file/121-outlook-kubis-2013
Outlook Komoditas Cabai 2013;PUSDATIN Sekretariat Jenderal Kementerian Pertanian;NULL;NULL;NULL;pdf;NULL;NULL;NULL;NULL;http://epublikasi.setjen.pertanian.go.id/download/file/123-outlook-cabai-2013
Outlook Komoditas Bawang Merah 2013;PUSDATIN Sekretariat Jenderal Kementerian Pertanian;NULL;NULL;NULL;pdf;NULL;NULL;NULL;NULL;http://epublikasi.setjen.pertanian.go.id/download/file/124-outlook-bawangmerah-2013
Outlook Komoditas Kentang 2013;PUSDATIN Sekretariat Jenderal Kementerian Pertanian;NULL;NULL;NULL;pdf;NULL;NULL;NULL;NULL;http://epublikasi.setjen.pertanian.go.id/download/file/122-outlook-ketang-2013
Outlook Komoditas Pertanian Perkebunan 2012;PUSDATIN Sekretariat Jenderal Kementerian Pertanian;NULL;NULL;NULL;pdf;NULL;NULL;NULL;NULL;http://epublikasi.setjen.pertanian.go.id/download/file/125-outlook-bun-2012
Outlook Komoditas Pertanian Hortikultura 2012;PUSDATIN Sekretariat Jenderal Kementerian Pertanian;NULL;NULL;NULL;pdf;NULL;NULL;NULL;NULL;http://epublikasi.setjen.pertanian.go.id/download/file/126-outlook-horti-2012
Outlook Peternakan Daging Sapi Tahun 2014;PUSDATIN Sekretariat Jenderal Kementerian Pertanian;NULL;NULL;NULL;pdf;NULL;NULL;NULL;NULL;http://epublikasi.setjen.pertanian.go.id/download/file/127-outlook-daging-sapi-tahun-2014
Outlook Karkas Ayam Ras Pedaging 2014;PUSDATIN Sekretariat Jenderal Kementerian Pertanian;NULL;NULL;NULL;pdf;NULL;NULL;NULL;NULL;http://epublikasi.setjen.pertanian.go.id/download/file/128-outlook-karkas-ayam-2014
Analisis Perkembangan Harga Komoditas Pertanian Maret 2015;PUSDATIN Sekretariat Jenderal Kementerian Pertanian;NULL;NULL;NULL;pdf;NULL;NULL;NULL;NULL;http://epublikasi.setjen.pertanian.go.id/download/file/129-buletin-harga-maret-2015
Analisis Perkembangan Harga Komoditas Pertanian Februari 2015;PUSDATIN Sekretariat Jenderal Kementerian Pertanian;NULL;NULL;NULL;pdf;NULL;NULL;NULL;NULL;http://epublikasi.setjen.pertanian.go.id/download/file/130-buletin-harga-feb-2015
Analisis Perkembangan Harga Komoditas Pertanian Desember 2014;PUSDATIN Sekretariat Jenderal Kementerian Pertanian;NULL;NULL;NULL;pdf;NULL;NULL;NULL;NULL;http://epublikasi.setjen.pertanian.go.id/download/file/133-buletin-harga-des-2014
Analisis Perkembangan Harga Komoditas Pertanian Oktober 2014;PUSDATIN Sekretariat Jenderal Kementerian Pertanian;NULL;NULL;NULL;pdf;NULL;NULL;NULL;NULL;http://epublikasi.setjen.pertanian.go.id/download/file/131-buletin-harga-okt-2014
Analisis Perkembangan Harga Komoditas Pertanian November 2014;PUSDATIN Sekretariat Jenderal Kementerian Pertanian;NULL;NULL;NULL;pdf;NULL;NULL;NULL;NULL;http://epublikasi.setjen.pertanian.go.id/download/file/132-buletin-harga-nop-2014
Buletin Indikator Makro Maret 2015;PUSDATIN Sekretariat Jenderal Kementerian Pertanian;NULL;NULL;NULL;pdf;NULL;NULL;NULL;http://epublikasi.setjen.pertanian.go.id/cache/plg_marm/intro/06cover-makro-art-318-com_content-qual-80-resized-200x250.jpg;http://epublikasi.setjen.pertanian.go.id/download/file/134-buletin-makro-maret-2015
Buletin Indikator Makro Februari 2015;PUSDATIN Sekretariat Jenderal Kementerian Pertanian;NULL;NULL;NULL;pdf;NULL;NULL;NULL;http://epublikasi.setjen.pertanian.go.id/cache/plg_marm/intro/06cover-makro-art-318-com_content-qual-80-resized-200x250.jpg;http://epublikasi.setjen.pertanian.go.id/download/file/135-buletin-makro-feb-2015
Buletin Indikator Makro Bulan Maret 2015;PUSDATIN Sekretariat Jenderal Kementerian Pertanian;NULL;NULL;NULL;pdf;NULL;NULL;NULL;http://epublikasi.setjen.pertanian.go.id/cache/plg_marm/intro/06cover-makro-art-318-com_content-qual-80-resized-200x250.jpg;http://epublikasi.setjen.pertanian.go.id/download/file/134-buletin-makro-maret-2015
Buletin Indikator Makro Oktober 2014;PUSDATIN Sekretariat Jenderal Kementerian Pertanian;NULL;NULL;NULL;pdf;NULL;NULL;NULL;http://epublikasi.setjen.pertanian.go.id/cache/plg_marm/intro/10covermakro-art-330-com_content-qual-80-resized-200x250.jpg;http://epublikasi.setjen.pertanian.go.id/download/file/138-buletin-makro-okt-2014
Buletin Indikator Makro November 2014;PUSDATIN Sekretariat Jenderal Kementerian Pertanian;NULL;NULL;NULL;pdf;NULL;NULL;NULL;http://epublikasi.setjen.pertanian.go.id/cache/plg_marm/intro/10covermakro-art-330-com_content-qual-80-resized-200x250.jpg;http://epublikasi.setjen.pertanian.go.id/download/file/137-buletin-makro-nov-2014
Buletin Indikator Makro Desember 2014;PUSDATIN Sekretariat Jenderal Kementerian Pertanian;NULL;NULL;NULL;pdf;NULL;NULL;NULL;http://epublikasi.setjen.pertanian.go.id/cache/plg_marm/intro/10covermakro-art-330-com_content-qual-80-resized-200x250.jpg;http://epublikasi.setjen.pertanian.go.id/download/file/136-buletin-makro-des-2014
Buletin PDB Sektor Pertanian Vol. 14; No. 1; Februari 2015;PUSDATIN Sekretariat Jenderal Kementerian Pertanian;NULL;NULL;NULL;pdf;NULL;NULL;NULL;http://epublikasi.setjen.pertanian.go.id/cache/plg_marm/intro/01cvr-pdb-tw1-2015-art-279-com_content-qual-80-resized-200x250.jpg;http://epublikasi.setjen.pertanian.go.id/download/file/139-buletin-pdb-tw1-2015
Buletin Konsumsi Pangan Volume 5 No. 3 Tahun 2014;PUSDATIN Sekretariat Jenderal Kementerian Pertanian;NULL;NULL;NULL;pdf;NULL;NULL;NULL;NULL;http://epublikasi.setjen.pertanian.go.id/download/file/140-buletin-konsumsi-twiii-2014
 Buletin Konsumsi Pangan Volume 5 No. 4 Tahun 2014;PUSDATIN Sekretariat Jenderal Kementerian Pertanian;NULL;NULL;NULL;pdf;NULL;NULL;NULL;NULL;http://epublikasi.setjen.pertanian.go.id/download/file/141-buletin-konsumsi-twiv-2014
Volume VI No. 4 Tahun 2014;PUSDATIN Sekretariat Jenderal Kementerian Pertanian;NULL;NULL;NULL;pdf;NULL;NULL;NULL;NULL;http://epublikasi.setjen.pertanian.go.id/download/file/142-buletin-eksim-tw4-2014
Volume VII Nomor 1 Tahun 2015;PUSDATIN Sekretariat Jenderal Kementerian Pertanian;NULL;NULL;NULL;pdf;NULL;NULL;NULL;NULL;http://epublikasi.setjen.pertanian.go.id/download/file/143-buletin-eksim-tw1-2015
Analisis Harga Internasional Komoditas Pertanian Volume 11 No. 4 Tahun 2014;PUSDATIN Sekretariat Jenderal Kementerian Pertanian;NULL;NULL;NULL;pdf;NULL;NULL;NULL;http://epublikasi.setjen.pertanian.go.id/cache/plg_marm/intro/04cvr-bltn-hargainternasional-twiv-2014-art-284-com_content-qual-80-resized-200x250.jpg;http://epublikasi.setjen.pertanian.go.id/download/file/145-buletin-harga-internasional-twiv-2014
Analisis Harga Internasional Komoditas Pertanian Volume 12 No. 1 Tahun 2015;PUSDATIN Sekretariat Jenderal Kementerian Pertanian;NULL;NULL;NULL;pdf;NULL;NULL;NULL;http://epublikasi.setjen.pertanian.go.id/cache/plg_marm/intro/01cvr-bltn-hargainternasional-tw1-2015-art-285-com_content-qual-80-resized-200x250.jpg;http://epublikasi.setjen.pertanian.go.id/download/file/144-buletin-harga-internasional-twi-2015
Buletin Iklim OPT dan DPI Bulan Januari 2015;PUSDATIN Sekretariat Jenderal Kementerian Pertanian;NULL;NULL;NULL;pdf;NULL;NULL;NULL;http://epublikasi.setjen.pertanian.go.id/cache/plg_marm/intro/01-cover-data-iklim-opt-dan-dpi-art-286-com_content-qual-9-resized-200x250.png;http://epublikasi.setjen.pertanian.go.id/download/file/163-opt-iklim-dpi-jan-2015
Newsletter Vol 11 No 117;PUSDATIN Sekretariat Jenderal Kementerian Pertanian;NULL;NULL;NULL;pdf;NULL;NULL;NULL;NULL;http://epublikasi.setjen.pertanian.go.id/download/file/38-newsletter-oktober-2013
Newsletter Vol 11 No 118;PUSDATIN Sekretariat Jenderal Kementerian Pertanian;NULL;NULL;NULL;pdf;NULL;NULL;NULL;NULL;http://epublikasi.setjen.pertanian.go.id/download/file/150-newsletter-nov-2014
Buletin Harga Komoditas Pertanian Bulan April 2015;PUSDATIN Sekretariat Jenderal Kementerian Pertanian;NULL;NULL;NULL;pdf;NULL;NULL;NULL;NULL;http://epublikasi.setjen.pertanian.go.id/download/file/149-buletin-harga-april-2015
Outlook Daging Sapi 2013;PUSDATIN Sekretariat Jenderal Kementerian Pertanian;NULL;NULL;NULL;pdf;NULL;NULL;NULL;NULL;http://epublikasi.setjen.pertanian.go.id/download/file/151-outlook-daging-2013
Newsletter Vol 11 No119;PUSDATIN Sekretariat Jenderal Kementerian Pertanian;NULL;NULL;NULL;pdf;NULL;NULL;NULL;NULL;http://epublikasi.setjen.pertanian.go.id/download/file/146-newsletter-desember-2014
Buletin Makro April 2015;PUSDATIN Sekretariat Jenderal Kementerian Pertanian;NULL;NULL;NULL;pdf;NULL;NULL;NULL;NULL;http://epublikasi.setjen.pertanian.go.id/download/file/152-buletin-makro-april-2015
Newsletter Vol 12 No 120;PUSDATIN Sekretariat Jenderal Kementerian Pertanian;NULL;NULL;NULL;pdf;NULL;NULL;NULL;NULL;http://epublikasi.setjen.pertanian.go.id/download/file/153-newsletter-jan-2015
Newsletter Vol 12 No 121;PUSDATIN Sekretariat Jenderal Kementerian Pertanian;NULL;NULL;NULL;pdf;NULL;NULL;NULL;NULL;http://epublikasi.setjen.pertanian.go.id/download/file/154-newsletter-feb-2015
Newsletter Vol 12 No 122;PUSDATIN Sekretariat Jenderal Kementerian Pertanian;NULL;NULL;NULL;pdf;NULL;NULL;NULL;NULL;http://epublikasi.setjen.pertanian.go.id/download/file/155-newsletter-mar-2015
Outlook Komoditas Durian 2014;PUSDATIN Sekretariat Jenderal Kementerian Pertanian;NULL;NULL;NULL;pdf;NULL;NULL;NULL;NULL;http://epublikasi.setjen.pertanian.go.id/download/file/156-outlook-durian-2014
Outlook Komoditas Jahe 2014;PUSDATIN Sekretariat Jenderal Kementerian Pertanian;NULL;NULL;NULL;pdf;NULL;NULL;NULL;NULL;http://epublikasi.setjen.pertanian.go.id/download/file/157-outlook-jahe-2014
Outlook Komoditas Krisan 2014;PUSDATIN Sekretariat Jenderal Kementerian Pertanian;NULL;NULL;NULL;pdf;NULL;NULL;NULL;NULL;http://epublikasi.setjen.pertanian.go.id/download/file/158-outlook-krisan-2014
Outlook Komoditas Mangga 2014;PUSDATIN Sekretariat Jenderal Kementerian Pertanian;NULL;NULL;NULL;pdf;NULL;NULL;NULL;NULL;http://epublikasi.setjen.pertanian.go.id/download/file/159-outlook-mangga-2014
Outlook Komoditas Pisang 2014;PUSDATIN Sekretariat Jenderal Kementerian Pertanian;NULL;NULL;NULL;pdf;NULL;NULL;NULL;NULL;http://epublikasi.setjen.pertanian.go.id/download/file/160-outlook-pisang-2014
Outlook Komoditas Tomat 2014;PUSDATIN Sekretariat Jenderal Kementerian Pertanian;NULL;NULL;NULL;pdf;NULL;NULL;NULL;NULL;http://epublikasi.setjen.pertanian.go.id/download/file/161-outlook-tomat-2014
Daftar Alamat Kantor Lingkup Kementerian Pertanian Tahun 2014;PUSDATIN Sekretariat Jenderal Kementerian Pertanian;NULL;NULL;NULL;pdf;NULL;NULL;NULL;NULL;http://epublikasi.setjen.pertanian.go.id/download/file/162-daftar-alamat-2014
Buletin Iklim OPT dan DPI Bulan Februari 2015;PUSDATIN Sekretariat Jenderal Kementerian Pertanian;NULL;NULL;NULL;pdf;NULL;NULL;NULL;http://epublikasi.setjen.pertanian.go.id/cache/plg_marm/intro/02-cover-data-iklim-opt-dan-dpi-art-303-com_content-qual-9-resized-200x250.png;http://epublikasi.setjen.pertanian.go.id/download/file/164-iklim-opt-dpi-feb-2015
Buletin Data Iklim OPT dan DPI Bulan Maret 2015;PUSDATIN Sekretariat Jenderal Kementerian Pertanian;NULL;NULL;NULL;pdf;NULL;NULL;NULL;http://epublikasi.setjen.pertanian.go.id/cache/plg_marm/intro/03-cover-data-iklim-opt-dan-dpi-art-304-com_content-qual-9-resized-200x250.png;http://epublikasi.setjen.pertanian.go.id/download/file/165-iklim-opt-dpi-maret-2015
Buletin Data Iklim OPT dan DPI Bulan April 2015;PUSDATIN Sekretariat Jenderal Kementerian Pertanian;NULL;NULL;NULL;pdf;NULL;NULL;NULL;http://epublikasi.setjen.pertanian.go.id/cache/plg_marm/intro/04-cover-data-iklim-opt-dan-dpi-art-306-com_content-qual-9-resized-200x250.png;http://epublikasi.setjen.pertanian.go.id/download/file/166-iklim-opt-dpi-april-2015
Buletin Data Benih dan Pupuk Bulan Januari 2015;PUSDATIN Sekretariat Jenderal Kementerian Pertanian;NULL;NULL;NULL;pdf;NULL;NULL;NULL;http://epublikasi.setjen.pertanian.go.id/cache/plg_marm/intro/cover-01-databenihdanpupuk-art-308-com_content-qual-80-resized-200x250.jpg;http://epublikasi.setjen.pertanian.go.id/download/file/169-benih-pupuk-jan2015
Buletin Data Benih dan Pupuk Bulan Februari 2015;PUSDATIN Sekretariat Jenderal Kementerian Pertanian;NULL;NULL;NULL;pdf;NULL;NULL;NULL;http://epublikasi.setjen.pertanian.go.id/cache/plg_marm/intro/cover-02-databenihdanpupuk-art-309-com_content-qual-80-resized-200x250.jpg;http://epublikasi.setjen.pertanian.go.id/download/file/170-benih-pupuk-feb2015
Buletin Data Benih dan Pupuk Bulan Maret 2015;PUSDATIN Sekretariat Jenderal Kementerian Pertanian;NULL;NULL;NULL;pdf;NULL;NULL;NULL;NULL;http://epublikasi.setjen.pertanian.go.id/cache/plg_marm/intro/cover-03-databenihdanpupuk-art-310-com_content-qual-80-resized-200x250.jpg://epublikasi.setjen.pertanian.go.id/download/file/171-benih-pupuk-maret2015
Buletin Data Benih dan Pupuk Bulan April 2015;PUSDATIN Sekretariat Jenderal Kementerian Pertanian;NULL;NULL;NULL;pdf;NULL;NULL;NULL;http://epublikasi.setjen.pertanian.go.id/cache/plg_marm/intro/cover-04-data-benih-dan-pupuk-art-311-com_content-qual-80-resized-200x250.jpg;http://epublikasi.setjen.pertanian.go.id/download/file/172-benih-pupuk-april2015
Buletin Data Benih dan Pupuk Bulan Mei 2015;PUSDATIN Sekretariat Jenderal Kementerian Pertanian;NULL;NULL;NULL;pdf;NULL;NULL;NULL;http://epublikasi.setjen.pertanian.go.id/cache/plg_marm/intro/coverlaporanbenih&pupukmei-art-376-com_content-qual-80-resized-200x250.jpg;http://epublikasi.setjen.pertanian.go.id/download/file/251-buletin-bulanan-data-benih-dan-pupuk-bulan-mei-2015
Buletin Data Benih dan Pupuk Triwulan I Tahun 2015;PUSDATIN Sekretariat Jenderal Kementerian Pertanian;NULL;NULL;NULL;pdf;NULL;NULL;NULL;http://epublikasi.setjen.pertanian.go.id/cache/plg_marm/intro/cover-trwi-data-benih-dan-pupuk-edit-art-312-com_content-qual-80-resized-200x250.jpg;http://epublikasi.setjen.pertanian.go.id/download/file/173-benih-pupuk-trwi2015
Buletin Harga Mei 2015;PUSDATIN Sekretariat Jenderal Kementerian Pertanian;NULL;NULL;NULL;pdf;NULL;NULL;NULL;http://epublikasi.setjen.pertanian.go.id/cache/plg_marm/intro/05cover-harga-mei-2015-art-313-com_content-qual-80-resized-200x250.jpg;http://epublikasi.setjen.pertanian.go.id/download/file/174-buletin-harga-mei-2015
Buletin Indikator Makro Mei 2015;PUSDATIN Sekretariat Jenderal Kementerian Pertanian;NULL;NULL;NULL;pdf;NULL;NULL;NULL;NULL;http://epublikasi.setjen.pertanian.go.id/download/file/176-buletin-indikator-makro-mei-2015
Buletin PDB TW II 2015;PUSDATIN Sekretariat Jenderal Kementerian Pertanian;NULL;NULL;NULL;pdf;NULL;NULL;NULL;http://epublikasi.setjen.pertanian.go.id/cache/plg_marm/intro/cover-pdb-tw2-2015-art-315-com_content-qual-80-resized-200x250.jpg;http://epublikasi.setjen.pertanian.go.id/download/file/177-buletin-pdb-tw2-2015
Buletin PDB TW III 2015;PUSDATIN Sekretariat Jenderal Kementerian Pertanian;NULL;NULL;NULL;pdf;NULL;NULL;NULL;http://epublikasi.setjen.pertanian.go.id/cache/plg_marm/intro/coverpdbtw3-art-321-com_content-qual-80-resized-200x250.jpg;http://epublikasi.setjen.pertanian.go.id/download/file/183-buletin-pdb-tw3-2015
Buletin PDB TW IV 2015;PUSDATIN Sekretariat Jenderal Kementerian Pertanian;NULL;NULL;NULL;pdf;NULL;NULL;NULL;http://epublikasi.setjen.pertanian.go.id/cache/plg_marm/intro/buletinpdbtw42015-art-362-com_content-qual-80-resized-200x250.jpg;http://epublikasi.setjen.pertanian.go.id/download/file/226-buletin-pdb-tw4-2015
Buku Saku Makro TW I 2015;PUSDATIN Sekretariat Jenderal Kementerian Pertanian;NULL;NULL;NULL;pdf;NULL;NULL;NULL;NULL;http://epublikasi.setjen.pertanian.go.id/download/file/178-buku-saku-makro-twi-2015
Buletin Harga Juni 2015;PUSDATIN Sekretariat Jenderal Kementerian Pertanian;NULL;NULL;NULL;pdf;NULL;NULL;NULL;http://epublikasi.setjen.pertanian.go.id/cache/plg_marm/intro/06cover-harga-art-317-com_content-qual-80-resized-200x250.jpg;http://epublikasi.setjen.pertanian.go.id/download/file/179-buletin-harga-juni-2015
Buletin Makro Juni 2015;PUSDATIN Sekretariat Jenderal Kementerian Pertanian;NULL;NULL;NULL;pdf;NULL;NULL;NULL;NULL;http://epublikasi.setjen.pertanian.go.id/download/file/180-buletin-makro-juni-2015
Buletin Triwulanan Harga Internasional TW II 2015;PUSDATIN Sekretariat Jenderal Kementerian Pertanian;NULL;NULL;NULL;pdf;NULL;NULL;NULL;http://epublikasi.setjen.pertanian.go.id/cache/plg_marm/intro/02cover-harga-internasional-tw2-2015-art-319-com_content-qual-80-resized-200x250.jpg;http://epublikasi.setjen.pertanian.go.id/download/file/181-buletin-harga-internasional-tw2-2015
Buletin Ekspor Impor TW II 2015;PUSDATIN Sekretariat Jenderal Kementerian Pertanian;NULL;NULL;NULL;pdf;NULL;NULL;NULL;NULL;http://epublikasi.setjen.pertanian.go.id/download/file/182-buletin-eksporimpor-tw2-2015
Buletin PDB Sektor Pertanian TW III 2015;PUSDATIN Sekretariat Jenderal Kementerian Pertanian;NULL;NULL;NULL;pdf;NULL;NULL;NULL;http://epublikasi.setjen.pertanian.go.id/cache/plg_marm/intro/coverpdbtw3-art-321-com_content-qual-80-resized-200x250.jpg;http://epublikasi.setjen.pertanian.go.id/download/file/183-buletin-pdb-tw3-2015
Buletin Harga Juli 2015;PUSDATIN Sekretariat Jenderal Kementerian Pertanian;NULL;NULL;NULL;pdf;NULL;NULL;NULL;http://epublikasi.setjen.pertanian.go.id/cache/plg_marm/intro/07buletin-harga-juli-2015-art-322-com_content-qual-80-resized-200x250.jpg;http://epublikasi.setjen.pertanian.go.id/download/file/184-buletin-harga-juli-2015
Buletin Harga Agustus 2015;PUSDATIN Sekretariat Jenderal Kementerian Pertanian;NULL;NULL;NULL;pdf;NULL;NULL;NULL;http://epublikasi.setjen.pertanian.go.id/cache/plg_marm/intro/08cover-depan-agustus-art-323-com_content-qual-80-resized-200x250.jpg;http://epublikasi.setjen.pertanian.go.id/download/file/185-buletin-harga-agustus-2015
Buletin Harga September 2015;PUSDATIN Sekretariat Jenderal Kementerian Pertanian;NULL;NULL;NULL;pdf;NULL;NULL;NULL;http://epublikasi.setjen.pertanian.go.id/cache/plg_marm/intro/09cover-depan-september-2015-art-324-com_content-qual-80-resized-200x250.jpg;http://epublikasi.setjen.pertanian.go.id/download/file/186-buletin-harga-september-2015
Buletin Harga Oktober 2015;PUSDATIN Sekretariat Jenderal Kementerian Pertanian;NULL;NULL;NULL;pdf;NULL;NULL;NULL;http://epublikasi.setjen.pertanian.go.id/cache/plg_marm/intro/10buletin-harga-oktober-2015-art-325-com_content-qual-80-resized-200x250.jpg;http://epublikasi.setjen.pertanian.go.id/download/file/187-buletin-harga-oktober-2015
Buletin Harga November 2015;PUSDATIN Sekretariat Jenderal Kementerian Pertanian;NULL;NULL;NULL;pdf;NULL;NULL;NULL;http://epublikasi.setjen.pertanian.go.id/cache/plg_marm/intro/cover-harga-nop-2015-art-366-com_content-qual-80-resized-200x250.jpg;http://epublikasi.setjen.pertanian.go.id/download/file/230-buletin-harga-nopember-2015
Buletin Harga Desember 2015;PUSDATIN Sekretariat Jenderal Kementerian Pertanian;NULL;NULL;NULL;pdf;NULL;NULL;NULL;http://epublikasi.setjen.pertanian.go.id/cache/plg_marm/intro/cover-harga-desember-2015-art-367-com_content-qual-80-resized-200x250.jpg;http://epublikasi.setjen.pertanian.go.id/download/file/231-buletin-harga-desember-2015
Buletin Harga Internasional TW3 2015;PUSDATIN Sekretariat Jenderal Kementerian Pertanian;NULL;NULL;NULL;pdf;NULL;NULL;NULL;http://epublikasi.setjen.pertanian.go.id/cache/plg_marm/intro/cover-depan-internasional-tw-iii-art-326-com_content-qual-80-resized-200x250.jpg;http://epublikasi.setjen.pertanian.go.id/download/file/188-buletin-harga-internasional-tw3-2015
Buletin Harga Internasional TW4 2015;PUSDATIN Sekretariat Jenderal Kementerian Pertanian;NULL;NULL;NULL;pdf;NULL;NULL;NULL;http://epublikasi.setjen.pertanian.go.id/cache/plg_marm/intro/cover-depan-internasional-tw-iii-art-326-com_content-qual-80-resized-200x250.jpg;http://epublikasi.setjen.pertanian.go.id/download/file/232-buletin-harga-internasional-tw4-2015
Buletin Makro Juli 2015;PUSDATIN Sekretariat Jenderal Kementerian Pertanian;NULL;NULL;NULL;pdf;NULL;NULL;NULL;NULL;http://epublikasi.setjen.pertanian.go.id/download/file/189-buletin-makro-juli-2015
Buletin Makro Agustus 2015;PUSDATIN Sekretariat Jenderal Kementerian Pertanian;NULL;NULL;NULL;pdf;NULL;NULL;NULL;NULL;http://epublikasi.setjen.pertanian.go.id/download/file/190-buletin-makro-agustus-2015
Buletin Makro September 2015;PUSDATIN Sekretariat Jenderal Kementerian Pertanian;NULL;NULL;NULL;pdf;NULL;NULL;NULL;NULL;http://epublikasi.setjen.pertanian.go.id/download/file/191-buletin-makro-september-2015
Buletin Makro Oktober 2015;PUSDATIN Sekretariat Jenderal Kementerian Pertanian;NULL;NULL;NULL;pdf;NULL;NULL;NULL;NULL;http://epublikasi.setjen.pertanian.go.id/download/file/192-buletin-makro-oktober-2015
Buletin Ekspor Impor TW3 2015;PUSDATIN Sekretariat Jenderal Kementerian Pertanian;NULL;NULL;NULL;pdf;NULL;NULL;NULL;NULL;http://epublikasi.setjen.pertanian.go.id/download/file/193-buletin-eksporimpor-tw3-2015
Buku Saku Makro TW2 2015;PUSDATIN Sekretariat Jenderal Kementerian Pertanian;NULL;NULL;NULL;pdf;NULL;NULL;NULL;NULL;http://epublikasi.setjen.pertanian.go.id/download/file/194-buku-saku-makro-tw2-2015
Buku Saku Makro TW3 2015;PUSDATIN Sekretariat Jenderal Kementerian Pertanian;NULL;NULL;NULL;pdf;NULL;NULL;NULL;NULL;http://epublikasi.setjen.pertanian.go.id/download/file/195-buku-saku-makro-tw3-2015
Buletin Konsumsi Pangan Volume 5 No. 4 Tahun 2014;PUSDATIN Sekretariat Jenderal Kementerian Pertanian;NULL;NULL;NULL;pdf;NULL;NULL;NULL;http://epublikasi.setjen.pertanian.go.id/cache/plg_marm/intro/04cvr-bltn-konsumsi-tw4-2014-art-281-com_content-qual-80-resized-200x250.jpg;http://epublikasi.setjen.pertanian.go.id/download/file/141-buletin-konsumsi-twiv-2014
Buletin Konsumsi Pangan Volume 5 No. 3 Tahun 2014;PUSDATIN Sekretariat Jenderal Kementerian Pertanian;NULL;NULL;NULL;pdf;NULL;NULL;NULL;http://epublikasi.setjen.pertanian.go.id/cache/plg_marm/intro/03cvr-bltn-konsumsi-tw3-2014-art-280-com_content-qual-80-resized-200x250.jpg;http://epublikasi.setjen.pertanian.go.id/download/file/140-buletin-konsumsi-twiii-2014